game_name,total view_count
Fortnite,2662354
League of Legends,2080511
Super Smash Bros. Ultimate,1318158
Just Chatting,1099294
Hearthstone,983724
Dota 2,966747
PLAYERUNKNOWN'S BATTLEGROUNDS,745422
The Game Awards,709654
Call of Duty: Black Ops 4,645235
Path of Exile,598001
Counter-Strike: Global Offensive,469851
Overwatch,338361
World of Warcraft,282357
Casino,274034
Lost Ark Online,271661
FIFA 19,253436
Tom Clancy's Rainbow Six: Siege,251854
Warframe,216257
Sea of Thieves,214415
Music & Performing Arts,205187
Dead by Daylight,195629
Old School RuneScape,181780
Minecraft,149617
Destiny 2,145723
Talk Shows & Podcasts,134738
Grand Theft Auto V,116797
Magic: The Gathering,115031
"Pokemon: Let's Go, Pikachu!/Eevee!",96930
Poker,95053
StarCraft II,92489
Special Events,90318
Battlefield V,82018
Battlerite Royale,80191
Black Desert Online,76472
Heroes of the Storm,70416
Art,66558
Just Cause 4,64712
Rust,61491
Rocket League,60627
World of Tanks,58727
Ashen,58524
Artifact,56549
Red Dead Redemption 2,55914
Escape From Tarkov,53313
Mutant Year Zero: Road to Eden,52614
Insurgency: Sandstorm,52008
Sports & Fitness,50133
NBA 2K19,49592
Dark Souls III,46735
Star Citizen,46472
Creative Destruction,45995
7 Days to Die,42017
Slay the Spire,40348
Friday the 13th: The Game,39647
ARK,38952
Fallout 76,38696
Tekken 7,38325
Lineage II,38206
World of Warships,37722
Farming Simulator 19,33498
Battle Brothers,31511
Smite,31185
Kenshi,29820
Ring Of Elysium,29075
Street Fighter V,28281
Games + Demos,27487
The Elder Scrolls Online,25914
Tibia,25857
Fallout 4,25516
Marbles On Stream,24272
ASMR,23536
The Legend of Zelda: Ocarina of Time,23275
Earth Defense Forces 5,22631
Food & Drink,22023
Parkitect,21946
Kingdom Two Crowns,21812
osu!,21067
Always On,20938
Warcraft III: The Frozen Throne,20509
Retro,20137
Soulcalibur VI,19846
Travel & Outdoors,19383
Super Mario 64,18534
Katamari Damacy,18219
Don't Starve Together,18121
The Elder Scrolls V: Skyrim,17959
Science & Technology,16898
The Binding of Isaac: Afterbirth,16850
Heroes of Might and Magic III: The Shadow of Death,16654
Super Mario Maker,16587
Dark Souls,16328
Diablo II: Lord of Destruction,15978
Summoners War: Sky Arena,15420
Monster Hunter World,15016
FINAL FANTASY XIV Online,14897
Final Fantasy XI Online,14894
The Legend of Zelda: Breath of the Wild,14658
Eternal,14597
Extra Life,14132
Madden NFL 19,13913
Stellaris,13759
Hades,13600
Board Games,13112
Oxygen Not Included,12685
Hannah Montana: The Movie,12593
Chess,12588
Age of Empires II,11920
Enter the Gungeon,11632
Hitman 2,11566
DayZ,11450
Football Manager 2019,11148
Gwent: The Witcher Card Game,11133
Quake Champions,10958
VRChat,9999
Halo: The Master Chief Collection,9970
Just Dance 2019,9907
Dungeons & Dragons,9508
Epic Seven,9333
Crypto,9328
RimWorld,9155
The King of Fighters '98: The Slugfest,8969
Mario Kart 8,8966
Arma 3,8816
Moonlight Blade,8458
The Sims 4,8364
Dragon Ball FighterZ,8363
Welcome to the Game II,8194
Dungeon Hunter Champions,8189
PUBG MOBILE,8175
Fate/Grand Order,8065
Yu-Gi-Oh! Duel Links,7996
The Jackbox Party Pack 2,7846
Ragnarok M: Eternal Love,7617
Bloodborne,7584
Fallout: New Vegas,7573
Kartrider,7501
FIFA Online 4,7470
FTL: Faster Than Light,7425
Europa Universalis IV,7383
Knight Online,7213
Paladins,7150
Plague Inc.,7028
The Witcher 3: Wild Hunt,6871
Dead Cells,6633
Doom,6611
The Legend of Zelda: A Link to the Past,6392
Spyro Reignited Trilogy,6317
Alliance of Valiant Arms,6288
Super Smash Bros. Melee,6236
Company of Heroes 2,6135
The Forest,6099
M.U.G.E.N,6097
Clash Royale,6006
StarCraft,5919
MapleStory 2,5908
Garry's Mod,5885
Escape First,5866
Super Mario Bros. 3,5813
Super Mario World,5782
EVE Online,5737
Hotline Miami,5682
The Legend of Zelda,5640
Resident Evil 7 biohazard,5617
Wrestling,5604
Hand Simulator,5561
Langrisser Mobile,5541
Left 4 Dead 2,5539
H1Z1,5455
X4: Foundations,5446
Kingdom Hearts HD I.5 + II.5 Remix,5355
Iris.Fall,5345
Prince of Persia: Warrior Within,5290
Human: Fall Flat,5258
Assassin's Creed Odyssey,5243
ROBLOX,5209
Infestation: The New Z,5166
Stardew Valley,5142
Devil May Cry 5,5105
Gears of War 4,5026
Tricky Towers,4979
Mortal Kombat X,4978
Super Metroid,4842
Guild Wars 2,4812
Darwin's Test,4750
Hunt: Showdown,4733
Pummel Party,4714
Beat Saber,4676
Shadowverse,4661
Diablo III: Reaper of Souls,4636
Flash,4634
MapleStory,4586
Kerbal Space Program,4583
Darksiders III,4568
Detroit: Become Human,4479
Sid Meier's Civilization V,4408
iRacing.com,4404
Final Fantasy X,4401
Counter-Strike Online,4350
No Man's Sky,4279
Total War: Warhammer II,4228
Hello Neighbor: Hide and Seek,4163
The Elder Scrolls: Legends,4159
Heroes of Newerth,4143
Hollow Knight,4125
RuneScape,4099
Call of Cthulhu - The Video Game,4052
God of War,4048
Crash Bandicoot: N. Sane Trilogy,3954
Marvel's Spider-Man,3951
Undertale,3941
Runner3,3877
Russian Fishing 4,3766
Ride 3,3717
Puyo Puyo Tetris,3715
Rising Storm 2: Vietnam,3700
SCUM,3652
Tom Clancy's The Division,3649
Metin 2,3627
Beholder 2,3577
For Honor,3520
Dofus,3512
PokÁE©mon Ultra Sun/Ultra Moon,3506
Celeste,3500
Cuphead,3445
Thief Simulator,3424
Makers & Crafting,3402
Sonic Generations,3391
Blade and Soul,3390
Arena of Valor,3384
PokÁE©mon Ruby/Sapphire,3378
Deceit,3348
Elite: Dangerous,3342
Microsoft Flight Simulator X,3302
Madness,3299
Don't Starve,3278
Terraria,3227
Super Mario Odyssey,3204
Yu-Gi-Oh! TRADING CARD GAME,3187
Final Fantasy IV,3138
Treasure Hunter Simulator,3110
Final Fantasy VII,3073
Guitar Hero III: Legends of Rock,3069
NHL 17,3000
Mega Man,2949
Final Fantasy: Brave Exvius,2916
SCP: Secret Laboratory,2915
One Hour One Life,2844
Euro Truck Simulator 2,2829
Grand Chase,2826
The Legend of Zelda: Majora's Mask,2816
Star Wars Battlefront II,2810
Fear the Night,2741
Alien: Isolation,2736
They Are Billions,2675
NHL 19,2611
Twitch Plays,2608
Dark Souls II: Scholar of the First Sin,2588
Shin Megami Tensei: Digital Devil Saga 2,2580
Metal Gear Solid,2547
Semblance,2539
SOMA,2538
"Good Pizza, Great Pizza",2524
Legends of Aria,2506
Virtual Reality,2425
XCOM: Enemy Within,2382
Subnautica,2368
Borderlands 2,2354
Mega Man X,2352
Darkest Dungeon,2343
Warhammer: Vermintide 2,2335
The Legend of Heroes: Trails of Cold Steel II,2333
Team Fortress 2,2324
Prime World,2322
Steam,2293
Gran Turismo Sport,2266
PlanetSide 2,2254
The Witch's House,2234
Fire Emblem: Thracia 776,2215
Ni no Kuni II: Revenant Kingdom,2192
Harry Potter and the Philosopher's Stone,2143
NieR Automata,2139
Yu-Gi-Oh! Forbidden Memories,2134
FÁEºtbol,2126
Cities: Skylines,2087
Business Tour,2086
FIFA 17,2085
The Jackbox Party Pack 3,2061
Evasion,2037
War of Rights,2028
CLOP,2027
Getting Over It,2026
Final Fantasy III,1997
Super Smash Bros. for Wii U,1989
Princess Connect! Re: Dive,1987
Spelunky,1982
MechWarrior Online,1937
PokÁE©mon FireRed/LeafGreen,1937
Final Fantasy IV: The Complete Collection,1911
Worlds Adrift,1900
SpongeBob SquarePants: Battle for Bikini Bottom,1873
We Love Katamari,1872
Trine 2,1844
American Truck Simulator,1804
PokÁE©mon Platinum,1774
The Last of Us,1763
Minion Masters,1754
My Summer Car,1746
Power Rangers: Dino Thunder,1745
Metroid Prime,1713
Super Meat Boy,1710
Resident Evil 4,1671
Pixel Painter Story,1660
Bomberman 64,1654
Realm Royale,1640
Super Mario RPG: Legend of the Seven Stars,1634
Beauty & Body Art,1620
Dark Souls II,1612
Rage in Peace,1596
Arizona Sunshine,1593
Far Cry 5,1570
CrossFire,1561
Wo Yao Da,1559
Super Mario Galaxy 2,1547
SpeedRunners,1539
Pro Evolution Soccer 2019,1532
I Wanna Be The Boshy,1521
Persona 5,1520
We Need to Go Deeper,1478
Final Fantasy Tactics,1474
Identity V,1472
The Legend of Zelda: The Wind Waker,1465
Vainglory,1447
PokÁE©mon Super Mystery Dungeon,1437
Might & Magic: Elemental Guardians,1424
Monster Boy and The Cursed Kingdom,1420
Blood Bowl 2,1418
Half-Life,1418
Ragnarok Online,1410
The Simpsons: Hit & Run,1408
Mafia.gg,1406
Sid Meier's Civilization VI,1390
Half-Life 2,1365
Fire Emblem Fates,1362
Factorio,1351
The Long Dark,1345
The Legend of Zelda: Phantom Hourglass,1339
The Jackbox Party Pack 5,1332
Life Goes On,1330
Slap City,1319
Forza Horizon 4,1311
Stormworks: Build and Rescue,1311
Rise of the Tomb Raider,1308
Banjo-Tooie,1305
Brawl Stars,1298
Silent Hill 4: The Room,1292
Dusk,1288
LoupsGarous.fr,1283
OneShot,1282
Rapture Rejects,1278
EA Sports UFC 3,1277
Crazy Arcade,1267
windowframe,1267
Splatoon 2,1262
Mega Man 11,1261
L.A. Noire,1248
Survived By,1245
Flyff - Fly For Fun,1239
The Guild 2: Renaissance,1220
Resident Evil,1199
Hearts of Iron IV,1192
Overcooked! 2,1188
Throne of Lies: The Online Game of Deceit,1172
Persona 4 Golden,1155
"Dude, Stop",1151
Shadow Warrior 2,1143
Steel Rats,1142
S.T.A.L.K.E.R.: Call of Pripyat,1139
Zettai Zetsumei Toshi 4: Summer Memories,1123
Dauntless,1118
PokÁE©mon Crystal,1105
Cyphers Online,1103
Outlast,1100
Resident Evil 6,1091
Shadow of the Tomb Raider,1089
Pocket Mortys,1081
Resident Evil 2,1080
XCOM 2: War of the Chosen,1078
Geometry Dash,1060
Mega Man 2,1057
Final Fantasy VIII,1026
Frostpunk,1017
Judgement,1010
Two Point Hospital,998
Return of the Obra Dinn,996
Destiny Child,995
SteamWorld Dig 2,994
Clash of Clans,989
Romance of the Three Kingdoms XIII,988
Tabletop Simulator,986
Girls Frontline,975
Retro City Rampage,970
Super Mario Galaxy,967
Darkwood,965
War Thunder,963
Octopath Traveler,963
Azur Lane,960
Tourist Bus Simulator,950
Warcraft III: Reign of Chaos,944
Stocks And Bonds,942
Uncharted 4: A Thief's End,941
Horizon Zero Dawn,934
MLB The Show 18,932
Resident Evil 3: Nemesis,927
Prey,923
Domina,922
Grim Dawn,917
Dragalia Lost,913
Brave Frontier,908
PokÁE©mon Omega Ruby/Alpha Sapphire,902
Silent Hill 2,895
Stalker Online,888
King's Raid,885
A Hat in Time,883
Yakuza 0,882
Brown Dust,873
Parasite Eve II,871
Board Games Live,865
The Culling,862
Project CARS 2,854
Mount & Blade: Warband,853
Resident Evil: Revelations,847
F.E.A.R.: First Encounter Assault Recon,846
Titan Souls,844
Overlight,839
Kingdom Come: Deliverance,836
Sid Meier's Civilization VI: Rise & Fall,834
Roll20 Virtual Tabletop,820
Dead Space 2,815
Fire Emblem Mobile,808
The Legend of Heroes: Trails of Cold Steel III,803
Thronebreaker: The Witcher Tales,797
Super Senso,790
Tetris Effect,781
Tom Clancy's Rainbow Six: Vegas,780
One Piece Treasure Cruise,780
Conan Exiles,777
Kingdom Hearts,771
Final Fantasy X/X-2 HD Remaster,767
Brawlhalla,766
Sonic 3D Blast,766
EverQuest,761
Breath of Fire II,761
Princess Maker 2,758
Shin Megami Tensei: Persona 3 FES,749
Guilty Gear Xrd REV 2,746
White Day: A Labyrinth Named School,740
Ultima Online,736
Final Fantasy IX,724
GoldenEye 007,723
Final Fantasy,722
Dead Space 3,721
Night in the Woods,716
Twitch Sings,713
Battlerite,708
Mu Online,704
Marvel Future Fight,694
Bump 'N' Jump,690
Saints Row 2,688
Zumba Fitness,687
Hyrule Warriors,684
BattleTech,681
The Last Remnant,678
Battlefield 4,673
Hellblade,666
I Wanna Be The Guy,660
Dustforce,658
Deltarune,657
Disney's Aladdin,653
Black Survival,652
Aliens: Colonial Marines,652
Battle Princess Madelyn,651
Protocol,648
Wreckfest,646
Banjo-Kazooie,643
Monster Hunter Generations Ultimate,643
WWE 2K19,638
Doki Doki Literature Club,638
The Room Three,636
ESPN NFL Football,636
The Elder Scrolls III: Morrowind,633
Dying Light,630
Final Fantasy XV,625
Golf With Your Friends,624
DCS World,624
Crash Bandicoot,622
Spintires: MudRunner,616
Neverwinter,614
Grand Theft Auto: Vice City,610
PlayStation All-Stars Battle Royale,608
Contra,601
DiRT Rally,593
Tabletop RPGs,593
Cricket,592
VA-11 HALL-A,590
Nexus: The Kingdom of the Winds,586
Farm Together,582
Dead or Alive Xtreme: Venus Vacation,580
Dragon's Dogma Online,580
Monolith,575
Shantae and the Pirate's Curse,574
Boxing,573
Trove,564
60 Seconds!,564
Super Mario All-Stars,562
Anime Land,561
Apparition,554
The Legend of Zelda: The Wind Waker HD,553
The Binding of Isaac,553
PokÁE©mon Trading Card Game Online,547
Darwin Project,547
Mario Kart Wii,545
Alan Wake,544
Watch Dogs,540
Sonic Mania,537
Gold Rush: The Game,537
Grand Theft Auto IV,534
Mario Kart 64,527
Starbound,525
Fatal Frame,525
Astroneer,524
Tom Clancy's Ghost Recon: Wildlands,524
The Lord of the Rings Online,522
Tomb Raider (1996),515
Shinobi III : Return of the Ninja Master,512
Catherine,510
Tetris,510
Metal Gear Solid V: The Phantom Pain,494
Shadow Tactics: Blades of the Shogun,494
Ashes of Creation,491
House Flipper,487
BBO2 Online,485
The Oregon Trail,484
Phoenix Wright: Ace Attorney EEEEEEEE Spirit of Justice,484
Special Force,479
Nier,478
Miscreated,475
Final Fantasy VI,474
Deus Ex,473
The King of Fighters XIV,473
Point Blank,469
Final Fantasy II,465
Super Mario 3D World,463
Scrabble,462
Dragon Quest XI,460
Metroid Fusion,458
Free Fire: Battlegrounds,455
PULSAR: Lost Colony,452
Treasure Hunter,444
Jikkyou Powerful Pro Yakyuu 2018,443
Hades (1995),441
The Elder Scrolls IV: Oblivion,439
HITMAN,438
F.E.A.R. 2: Project Origin,438
Blood and Bacon,438
Tales Runner,438
Fallout 3,437
Football,435
Golfing Over It with Alva Majo,435
Bloons TD 6,433
The Council,432
The Crew 2,431
Planet Coaster,430
Northgard,428
Paper Mario: The Thousand-Year Door,428
Battlefleet Gothic: Armada II,423
Pac-Man 256,423
Delivery from the Pain,422
Banjo-Kazooie: Nuts & Bolts,422
Life Is Strange,415
Overkill's The Walking Dead,412
Granblue Fantasy,412
Monopoly,409
Pathfinder: Kingmaker,406
Grand Theft Auto: San Andreas,406
Marvel vs. Capcom 2: New Age of Heroes,405
Mega Man 7,403
Marvel Powers United VR,401
The Jackbox Party Pack 4,400
Uno,400
Simulacra,399
"Papers, Please",397
Donkey Kong 64,397
Fighting EX Layer,397
Parasite Eve,397
Lost In Vivo,396
Circus Charlie,392
Silent Hill 3,387
Broken Reality,387
Project Zomboid,387
Breath of Fire III,383
Battlefield 1,382
St Jude PLAY LIVE,382
Monstrum,381
PokÁE©mon Black/White Version 2,381
Pump It Up Prime 2,380
Dragon Age II,378
Puzzle & Dragons,375
Final Fantasy V,375
Plants vs. Zombies,374
Tony Hawk's Pro Skater 2,372
Exanima,368
BlazBlue: Central Fiction,367
Trials Fusion,362
Uncharted Waters Online,362
Middle-earth: Shadow of War,362
Gamer Career Tycoon,362
Edna & Harvey: Harvey's New Eyes,361
God's Basement,360
EA Sports UFC,358
Fatal Frame III: The Tormented,356
The Great Merchant,354
Skyhill,354
Super Smash Bros.,352
King's Field,350
Dungeon Fighter Online,349
Amnesia: The Dark Descent,347
surviv.io,347
CABAL Online,342
Need for Speed: Most Wanted (2005),342
BlazBlue Cross Tag Battle,341
Spiral Knights,340
Omerta: City of Gangsters,338
The Evil Within 2,337
Rock Band 4,334
Dissidia: Final Fantasy Opera Omnia,334
Dark Cloud 2,332
Firewatch,329
Monster Hunter 4 Ultimate,324
Creed: Rise to Glory,324
God Eater 3,323
Utawarerumono: Chiriyuku Mono e no Komoriuta,320
Until Dawn,318
Million Arthur Arcana Blood,313
Crypt of the NecroDancer,312
XCOM 2,309
Siren,309
Keep Talking and Nobody Explodes,304
Star Wars: Knights of the Old Republic II - The Sith Lords,303
Aion,302
Everspace,302
Town of Salem,302
skribbl.io,299
Star Wars: The Old Republic,299
Spec Ops: The Line,299
Deponia: The Complete Journey,299
EarthBound,297
Call of Duty: Black Ops III,294
Deponia,294
Age of Empires III: The Asian Dynasties,293
Castlevania: The Adventure,292
Prince of Persia: The Sands of Time,290
while True: learn(),289
Halo 2,288
Onrush,287
Sonic Adventure 2: Battle,285
theHunter: Call of the Wild,279
Teenage Mutant Ninja Turtles: Tournament Fighters,277
Valnir Rok,277
Warface,272
The King of Fighters 2002: Challenge to Ultimate Battle,272
Plants vs. Zombies: Garden Warfare 2,270
Tera,267
The Banner Saga 2,266
Axiom Verge,265
Graveyard Keeper,261
Death Coming,259
TV and Cinema 101: Trivia from Talkies to Trekkies,257
Zelda II: The Adventure of Link,255
Soccer Spirits,254
Pikmin,251
Total Extreme Wrestling 2016,250
Super Mario Party,248
Baseball,248
Mountain,248
Ballz 3D: Fighting at its Ballziest,247
Total War: Rome II,247
Alice: Madness Returns,246
Don't Knock Twice,245
GuJian,244
Divinity: Original Sin,243
BioShock,241
Just Dance Now,241
The Golf Club 2019 Featuring PGA Tour,241
Super Mario Land,239
Edge of Eternity,238
TimeSplitters 2,238
Titanfall 2,237
Dragon Quest Builders 2,237
Book of Demons,234
Gundam Online Wars,233
AbzÁE»,232
Disciples II: Rise of the Elves,232
Little Nightmares,231
Child of Light,231
Automation,230
Penn And Teller's Smoke And Mirrors,228
Assetto Corsa Competizione,228
THE iDOLM@STER MILLION LIVE! THEATER DAYS,227
Grand Theft Auto,227
Virtual Hydlide,225
World War 3,223
Zero: Nuregarasu no Miko,223
Spyro the Dragon,222
Warhammer Online: Age of Reckoning,220
Savant,220
Danganronpa V3: Killing Harmony,219
Rakuen,219
Black Squad,218
The Evil Within,216
Super Mario Bros. 2,215
NASCAR Heat 3,214
DragonBall Z: Dokkan Battle,212
Granny,211
Call of Duty: WWII,210
Dream Daddy: A Dad Dating Simulator,210
The Banner Saga 3,208
Song Master,206
Ultimate Chicken Horse,206
Emily Wants to Play Too,205
Metal Gear Solid 2: Sons of Liberty,204
Live,204
Dead Space,204
Immortal Redneck,203
Kingdom Hearts II,203
Soccer,202
Ultimate Marvel vs. Capcom 3,201
Resident Evil HD Remaster,199
PC Building Simulator,199
Tower Hunter: Erza's Trial,199
The iDOLM@STER Cinderella Girls: Starlight Stage,197
Generations Lost,196
Paint it Back,195
RaceRoom Racing Experience,194
Hotline Miami 2: Wrong Number,194
The Escapists 2,192
Battle Chasers: Nightwar,192
Kindergarten,192
WWE SuperCard,191
Mahjong,191
Persona 3: Dancing in Moonlight,191
Synergy,191
The Legend of Zelda: Majora's Mask 3D,189
Tsioque,187
Yakuza Kiwami 2,187
Vindictus,186
PokÁE©mon Black/White,185
Surviving Mars,185
Star Wars: Galaxy of Heroes,185
Etherlords II,179
Leisure Suit Larry: Wet Dreams Don't Dry,179
Resident Evil Zero,178
Slime Rancher,177
The Witcher,177
Rocksmith 2014,177
Tomb Raider II,177
The Messenger,176
DC Universe Online,175
60 Parsecs!,174
Kirby & The Amazing Mirror,173
Silent Hill: Homecoming,170
Squad,170
Beyond: Two Souls,169
Halo 5: Guardians,169
Shakes and Fidget,167
Dragon Warrior I & II,167
zombsroyale.io,167
My Memory of Us,167
The Endless Journey,165
Evoland 2: A Slight Case of Spacetime Continuum Disorder,164
Tropico 5,163
CityBattle: Virtual Earth,163
Albion Online,162
Call of Duty: Black Ops,162
Raft,162
GeoGuessr,162
Sophie's Curse,162
Nuclear Throne,162
Borderlands: The Pre-Sequel!,161
Contract J.A.C.K.,161
Pinball,158
FIFA 18,157
The Banner Saga,157
The Sun and Moon,156
Angvik,156
Resident Evil: Director's Cut,156
Shin Megami Tensei IV Final,156
Samorost 3,156
Devil May Cry 4: Special Edition,155
Sansar,154
Grand Theft Auto: iFruit,154
Super Seducer 2,154
Werewolves EEEEEEEE¼EEEEººEEEE®º,153
AstÁE©rix & ObÁE©lix XXL 2: Mission: Las Vegum,152
THE iDOLM@STER,152
Don't Forget Our Esports Dream,151
HellSign,150
Super Mario Sunshine,149
Sally Face,149
Lost Castle,149
Outlast 2,148
Inside,147
Overcooked!,145
The Bureau: XCOM Declassified,144
Donkey Kong Country 2: Diddy's Kong Quest,142
Just Dance 2018,139
Call of Cthulhu: Dark Corners of the Earth,139
Halo: Reach,138
Kingdom: New Lands,137
Marvel Strike Force,137
The Last of Us: Left Behind,136
Captain Toad: Treasure Tracker,135
Mario Golf: Toadstool Tour,134
Freshly-Picked: Tingle's Rosy Rupeeland,134
Resident Evil: Code: Veronica X,133
PokÁE©mon Emerald,130
Romancing SaGa,130
Cry Of Fear,130
Grand Theft Auto III,129
Final Fantasy XIII,129
Nioh,129
God of War Collection,126
NCAA Football 14,126
Blackjack,126
Super Seducer,126
Visage,125
Darksiders II,125
Call of Duty 2,125
Gunsmith,125
South Park: The Fractured But Whole,124
Kentucky Route Zero,123
Divinity: Original Sin II,123
Farming Simulator 17,123
Far Cry,123
Dark Age of Camelot,122
Mobile Suit Gundam: Battle Operation 2,122
The Guest,122
Danganronpa 2: Goodbye Despair,122
Devil May Cry 3: Special Edition,122
Minit,121
Hatsune Miku: Project Diva Future Tone,120
Age of Mythology,120
World of Tanks Console,120
Wonder Boy III: The Dragon's Trap,119
Tooth and Tail,119
Death to Spies,119
Musynx,118
Payday 2,118
Max Payne 2: The Fall of Max Payne,117
For the King,115
Hellion,115
Karnage Chronicles,114
Mini Ghost,113
Naruto to Boruto: Shinobi Striker,109
Blood,109
Lobotomy Corporation | Monster Management Simulation,109
Batman,108
Robin Hood: The Legend of Sherwood,108
Golden Sun,107
Tetris Attack,106
Red Faction,106
JoJo's Bizarre Adventure,106
The Sims 3,106
Fiesta Online,106
Guilty Gear XX Accent Core Plus R,105
Jurassic World Evolution,104
Gothic II: Night of the Raven,104
Flashback,104
Kingdom Hearts 358/2 Days,104
Killing Floor 2,103
Entropia Universe,102
Foxhole,102
PokÁE©mon Red/Blue,102
Realm of the Mad God,102
Castlevania: Harmony of Dissonance,102
Ninja Gaiden,101
Tropico 6,101
Harvester,100
OpenRCT2,100
Dark and Light,100
Crusader Kings II,99
The Legend of Zelda: Twilight Princess,99
Madagascar,98
Dragon Age: Inquisition,97
Legacy of Kain: Soul Reaver 2,97
Rusty Lake: Roots,96
Bloons TD Battles,96
Agar.io,95
Tekken Tag Tournament 2,95
ArcheAge,95
Shell Shockers,95
Basic Programming,95
Detention,95
Crossout,94
Assassin's Creed II,94
Company of Heroes: Tales of Valor,93
X3: Albion Prelude,93
Identity,93
Unavowed,92
Life Is Strange: Before the Storm,92
World of Tanks Blitz,92
Moonlighter,91
Armored Warfare,91
Under Night In-Birth Exe:Late[st],91
Mario + Rabbids Kingdom Battle,91
Shin Megami Tensei: Nocturne,91
Perfect World,91
Persona 5: Dancing in Starlight,90
Boundless,90
Portal 2,90
X-Plane 11,90
Rocket: Robot on Wheels,89
DanMachi: Memoria Freese,89
Castlevania: Portrait of Ruin,88
Go,88
San Francisco Rush: Extreme Racing,87
Ultima Underworld: The Stygian Abyss,87
Super Mario World 2: Yoshi's Island,86
MAG,85
Cattails,84
Life Is Strange 2,84
Unreal Engine,84
Drone Racing League Simulator,83
Home Sweet Home,83
Sega Rally 2,83
Wolfenstein II: The New Colossus,83
Mobile Legends: Bang bang,82
Kingdom Hearts HD 1.5 + 2.5 Remix,82
Robot Alchemic Drive,81
Kamen Rider,81
A Christmas Carol,81
Shadow of the Colossus,81
Marvel vs. Capcom Infinite,80
Animal Crossing: City Folk,80
Light Bearers,80
Tomb Raider: The Last Revelation,80
Chrono Trigger,80
Drawful 2,80
Quake Live,79
Wolfenstein: The New Order,79
HQ Trivia,79
Witch It,78
Tom Clancy's Rainbow 6: Patriots,77
SpyParty,77
Wario Land 4,76
Devil May Cry HD Collection,76
Reign Of Kings,76
The King of Fighters XIII,75
Silkroad Online,75
Silent Descent,75
Sonic Adventure 2,75
Welcome to the Game,75
FIFA Mobile,74
Donkey Kong Country 3: Dixie Kong's Double Trouble!,74
Fallout 2,73
Cube Escape: Paradox,73
Monopoly Plus,72
F1 2017,72
Yoku's Island Express,72
Hello Neighbor,72
Breath of Fire,71
Five Nights at Freddy's,71
Stonehearth,71
Tomb Raider III: Adventures of Lara Croft,70
Super Paper Mario,70
Injustice 2,69
Zula,69
Mass Effect: Andromeda,69
Heretic,69
Zettai Zetsumei Toshi 4 Plus: Summer Memories,68
Portal,68
Gnomes Garden 2,68
AO Tennis,68
Legaia 2: Duel Saga,68
Minesweeper,68
Total War: Shogun 2,68
Golf It!,67
Pro Pilkki 2,67
Chicken,66
Mortal Kombat Mythologies: Sub-Zero,66
Edna & Harvey: The Breakout,66
Danganronpa Another Episode: Ultra Despair Girls,66
Capcom vs. SNK 2: Mark of the Millennium,65
Nekopara Vol.1,65
Super Animal Royale,65
Star Trek Online,63
Donut County,63
Naruto Shippuden: Ultimate Ninja Storm 3 Full Burst,62
BlazBlue Continuum Shift Extend,62
Lara Croft and the Temple of Osiris,62
Final Fantasy XII,61
Story of the Survivor,60
The Goonies II,60
Quiplash,60
Diablo,60
Kingdom Hearts HD II.8: Final Chapter Prologue,60
Zero-4 Champ,60
Food ,60
SD Gundam Capsule Fighter Online,60
FAR: Lone Sails,59
The Sims 2,58
P.A.S.,58
Worms Armageddon,58
Phantasmal,58
Half-Life 2: Episode One,58
Simmiland,58
Soul Worker,58
Command & Conquer: Yuri's Revenge,58
Unravel,57
The Settlers: History Collection,57
Dragon Quest IV: Chapters of the Chosen,57
Sinner: Sacrifice for Redemption,57
Sylvio,56
Sleeping Dogs,56
Half-Life: Counter-Strike,55
Hellgate: London,55
Project Warlock,55
TerraTech,55
Metal Gear,54
Dead Rising 2,54
Elsword,53
Bloodstained: Curse of the Moon,53
Battletoads,52
Let It Die,52
Vampire: The Masquerade - Bloodlines,52
Call of Duty: World at War,52
The Legend of Zelda: Spirit Tracks,52
Halo: Combat Evolved,52
Wonder Boy: The Dragon's Trap,52
Bully: Scholarship Edition,52
Command & Conquer: Red Alert 3,51
NBA G League,51
Kingdom Hearts: Chain of Memories,51
Metro 2033,51
Wizard of Legend,50
Cool Boarders 2,50
DiRT 3,50
Ib,50
Ancestors Legacy,50
Ratchet & Clank,50
Do Not Feed the Monkeys,49
Dungeon Defenders II,49
Black Desert Mobile,48
Mike Tyson's Punch-Out!!,48
Tree of Savior,48
ArmA II: Operation Arrowhead,48
Demon's Crest,48
Dragon Quest Builders,47
Far Cry 2,47
Paper Mario,47
Pathfinder,46
Zero Time Dilemma,46
Nightmares from the Deep 3: Davy Jones,45
Secret Hitler,45
Stationeers,45
Shroud of the Avatar: Forsaken Virtues,45
Assetto Corsa,45
Bubsy in: Claws Encounters of the Furred Kind,44
APB Reloaded,44
Treasure Adventure World,44
Atelier Rorona: Alchemist of Arland,44
Ludum Dare,43
Rad Rodgers,43
DreadOut,43
Crash Bandicoot 2: Cortex Strikes Back,43
The Isle,42
The Legend of Zelda: Four Swords Adventures,42
Spellbreak,42
TrackManiaÁE² Stadium,41
Trauma Center: New Blood,41
The Technician,41
LEGO Harry Potter: Years 1-4,41
ICEY,41
The Shapeshifting Detective,40
Final Fantasy IV: The After Years,40
The Binding of Isaac: Rebirth,39
System Shock 2,39
Uncharted: The Nathan Drake Collection,38
Capcom Beat 'Em Up Bundle,37
Kirby: Planet Robobot,37
"Guns, Gore and Cannoli 2",37
Alone in the Dark: The New Nightmare,37
"Cook, Serve, Delicious! 2!!",36
Monopoly One,36
Castlevania: Symphony of the Night,36
Mad Max,36
Marble Madness,36
Thea 2: The Shattering,35
Just Dance,35
NBA 2K18,34
Machinarium,34
Armikrog,34
The Count Lucanor,34
The Jackbox Party Pack,34
Super Smash Bros. Brawl,33
Armello,33
The Last of Us Part II,33
The Surge,33
The Witcher 2: Assassins of Kings,33
Starsector,33
Furi,33
ReCore,33
Dungreed,32
Adventure Quest 3D,32
My Time at Portia,32
Wizard101,32
Goat Simulator,32
CrossCode,31
Freestyle Street Basketball 2,31
Half-Life 2: Episode Two,31
Aim Hero,31
"Warhammer 40,000: Dawn of War II",31
Layers of Fear,31
Tower Unite,30
PokÁE©mon Mystery Dungeon: Blue/Red Rescue Team,30
Onward,30
Cypher,30
Doom 64,30
Jade Cocoon: Story of the Tamamayu,30
Seal Online,30
Robocraft,29
Umineko When They Cry: Answer Arcs,29
A Way Out,29
The Legend of Dragoon,29
Mabinogi,29
Crusaders Quest,29
S4 League,28
Holdfast: Nations At War,28
Deus Ex: Mankind Divided,28
Far Cry 4,28
Katawa Shoujo,27
Ghost of a Tale,27
Mario Tennis Aces,26
Creativerse,26
Final Fantasy XII: The Zodiac Age,26
Adam Wolfe,26
Lamplight City,25
Vampyr,25
Observer,25
Kynseed,25
Magicka,25
State of Decay 2,25
#Compass,24
Crash Bash,24
BioShock Infinite,24
We Were Here Too,24
The Quiet Man,24
Batman: Arkham Asylum,24
Ultra Street Fighter IV,23
Music For Everyone,23
Dungeons 3,23
Kingdoms of Amalur: Reckoning,23
Pinturillo 2,23
Samurai Shodown V Special,22
Yakuza Kiwami,22
"Gremlins, Inc.",22
Stick Fight: The Game,22
Ori and the Blind Forest,22
Atelier Firis: The Alchemist of the Mysterious Journey,22
The Red Strings Club,22
Rogue Legacy,22
Mass Effect 3,22
Red Dead Redemption,22
Lara Croft Tomb Raider: Legend,22
Sly Cooper and the Thievius Raccoonus,21
Villagers and Heroes,21
Bully,21
Dead Island Riptide,21
Blade & Sorcery,21
South Park: Phone Destroyer,21
Modern Warfare 2,21
Scratches,20
Fire Emblem,20
F1 2018,20
Digimon Story: Cyber Sleuth Hacker's Memory,20
God Hand,20
Battlefield 3,20
Resident Evil: Outbreak - File #2,20
Wandersong,20
Command & Conquer: Rivals,20
Worms Revolution,20
Dragon Age: Origins,19
Just Cause 3,19
Dead or Alive 5 Last Round,18
Tom Clancy's Splinter Cell,17
Drakengard 3,16
Valdis Story: Abyssal City,14
Utawarerumono,13
Kirby: Star Allies,13
Stranger of Sword City,12
Endless Space 2,11
Crash Team Racing,11
Mass Effect 2,11
Total War: WARHAMMER,11
Rules of Survival,11
Forza Motorsport 7,10
Human Resource Machine,10
Space Engineers,10
