game_name,steam_count
Fortnite,4665
Just Chatting,3388
League of Legends,3136
PLAYERUNKNOWN'S BATTLEGROUNDS,2302
Super Smash Bros. Ultimate,1963
World of Warcraft,1353
Overwatch,1333
Counter-Strike: Global Offensive,1250
Dota 2,1188
Path of Exile,1152
Dead by Daylight,1049
Hearthstone,1043
Call of Duty: Black Ops 4,1032
Destiny 2,763
Grand Theft Auto V,730
Tom Clancy's Rainbow Six: Siege,723
FIFA 19,700
Black Desert Online,616
Music & Performing Arts,568
Art,558
Lost Ark Online,528
Casino,485
The Game Awards,469
Heroes of the Storm,466
World of Tanks,459
"Pokemon: Let's Go, Pikachu!/Eevee!",454
Old School RuneScape,452
Warframe,398
Battlefield V,373
Magic: The Gathering,371
Poker,359
Artifact,353
Red Dead Redemption 2,341
StarCraft II,324
Rust,318
Minecraft,315
NBA 2K19,312
Fallout 76,308
Talk Shows & Podcasts,307
Ring Of Elysium,305
Escape From Tarkov,281
ARK,267
Marbles On Stream,250
Retro,220
Rocket League,217
Farming Simulator 19,217
Smite,202
Monster Hunter World,193
Tibia,190
Sea of Thieves,188
World of Warships,183
7 Days to Die,179
Lineage II,172
Star Citizen,169
The Elder Scrolls Online,166
Science & Technology,157
Warcraft III: The Frozen Throne,156
Tekken 7,154
Dark Souls III,150
Mutant Year Zero: Road to Eden,150
Battlerite Royale,148
Summoners War: Sky Arena,137
Always On,135
Street Fighter V,127
FINAL FANTASY XIV Online,125
Don't Starve Together,115
VRChat,110
Epic Seven,101
osu!,100
DayZ,99
PUBG MOBILE,99
Food & Drink,98
Quake Champions,97
RimWorld,92
Just Cause 4,88
Paladins,88
Eternal,86
Gwent: The Witcher Card Game,86
Halo: The Master Chief Collection,85
Battle Brothers,84
Ashen,84
Slay the Spire,83
MapleStory 2,83
Diablo II: Lord of Destruction,83
Diablo III: Reaper of Souls,82
Madden NFL 19,80
Guild Wars 2,80
Heroes of Might and Magic III: The Shadow of Death,80
Fate/Grand Order,77
Travel & Outdoors,77
Dark Souls,77
RuneScape,75
Russian Fishing 4,75
Moonlight Blade,74
MapleStory,74
Tom Clancy's The Division,73
The Sims 4,71
Chess,68
Gears of War 4,67
Blade and Soul,66
Hunt: Showdown,66
The Elder Scrolls V: Skyrim,65
Kingdom Hearts HD I.5 + II.5 Remix,65
Infestation: The New Z,65
The Legend of Zelda: Breath of the Wild,64
X4: Foundations,60
Games + Demos,59
ASMR,59
The Binding of Isaac: Afterbirth,57
H1Z1,57
Stardew Valley,57
Assassin's Creed Odyssey,56
Super Mario 64,55
Wrestling,55
The Legend of Zelda: Ocarina of Time,54
Metin 2,54
Insurgency: Sandstorm,54
Stellaris,52
Age of Empires II,51
Kingdom Two Crowns,51
Clash Royale,50
Total War: Warhammer II,50
Ragnarok M: Eternal Love,50
Spyro Reignited Trilogy,48
Kartrider,48
EVE Online,48
Makers & Crafting,48
Hades,48
Super Mario Maker,47
Arma 3,47
Euro Truck Simulator 2,47
ROBLOX,46
Bloodborne,46
Dragon Ball FighterZ,45
Soulcalibur VI,45
For Honor,44
God of War,43
Company of Heroes 2,43
PokÁEE©mon Ultra Sun/Ultra Moon,42
The Witcher 3: Wild Hunt,42
Crypto,41
Hollow Knight,41
The Elder Scrolls: Legends,41
Terraria,41
The Legend of Zelda: A Link to the Past,41
Knight Online,40
Heroes of Newerth,40
Dofus,40
StarCraft,39
Star Wars Battlefront II,39
Friday the 13th: The Game,38
Mario Kart 8,38
MechWarrior Online,38
iRacing.com,37
Football Manager 2019,37
NHL 19,37
Dungeons & Dragons,36
Mortal Kombat X,36
Princess Connect! Re: Dive,35
Minion Masters,35
Grand Chase,35
Super Mario World,34
Europa Universalis IV,34
Katamari Damacy,34
Shadowverse,33
Realm Royale,33
Ragnarok Online,33
Sid Meier's Civilization V,33
Elite: Dangerous,33
Prime World,32
Vainglory,32
Kenshi,32
Legends of Aria,31
Just Dance 2019,31
Super Smash Bros. Melee,30
Warhammer: Vermintide 2,30
SOMA,29
Enter the Gungeon,29
Doom,29
Darkest Dungeon,29
Microsoft Flight Simulator X,29
Darksiders III,28
SCUM,28
Yu-Gi-Oh! Duel Links,28
The Jackbox Party Pack 5,27
Super Metroid,27
Borderlands 2,27
They Are Billions,27
Special Events,27
Forza Horizon 4,26
The Forest,26
Creative Destruction,26
EverQuest,26
Don't Starve,26
Fallout 4,25
Team Fortress 2,25
Cities: Skylines,25
The Long Dark,25
The Jackbox Party Pack 3,24
Persona 5,24
Beat Saber,24
Subnautica,24
Super Mario Odyssey,24
Oxygen Not Included,23
NHL 17,23
Blood Bowl 2,22
Ultima Online,22
Splatoon 2,22
Crash Bandicoot: N. Sane Trilogy,22
Twitch Plays,21
The Last of Us,21
Detroit: Become Human,21
War Thunder,21
Hitman 2,21
Clash of Clans,21
Celeste,20
Final Fantasy XI Online,20
Factorio,20
Identity V,19
Alien: Isolation,19
Girls Frontline,19
Dauntless,19
M.U.G.E.N,18
Kerbal Space Program,18
One Hour One Life,18
Battlerite,18
American Truck Simulator,18
Throne of Lies: The Online Game of Deceit,18
No Man's Sky,18
Survived By,18
FTL: Faster Than Light,17
Arena of Valor,17
Earth Defense Forces 5,17
FIFA 17,16
Marvel's Spider-Man,16
Conan Exiles,16
Brawl Stars,16
Shadow of the Tomb Raider,16
The Legend of Zelda: Majora's Mask,15
Azur Lane,15
XCOM 2: War of the Chosen,15
Mu Online,15
Black Survival,15
The Legend of Zelda,15
Brawlhalla,15
Overcooked! 2,15
The Elder Scrolls IV: Oblivion,15
Garry's Mod,15
Horizon Zero Dawn,15
Dungeon Hunter Champions,14
Undertale,14
CrossFire,14
Far Cry 5,14
Monster Hunter Generations Ultimate,14
Neverwinter,14
Two Point Hospital,14
Might & Magic: Elemental Guardians,14
Yu-Gi-Oh! TRADING CARD GAME,14
XCOM: Enemy Within,14
Parkitect,13
Outlast,13
Resident Evil 4,13
PlanetSide 2,13
Grim Dawn,13
NieR Automata,13
Stocks And Bonds,13
Brown Dust,13
My Summer Car,13
Dragalia Lost,13
Dark Souls II: Scholar of the First Sin,13
Tom Clancy's Ghost Recon: Wildlands,13
Pro Evolution Soccer 2019,12
Sid Meier's Civilization VI,12
Final Fantasy VII,12
Deceit,12
Yu-Gi-Oh! Forbidden Memories,12
Puzzle & Dragons,12
Dead Cells,12
Sports & Fitness,12
Trove,12
Left 4 Dead 2,12
The King of Fighters '98: The Slugfest,12
MLB The Show 18,12
Final Fantasy X/X-2 HD Remaster,11
EA Sports UFC 3,11
BattleTech,11
Monster Boy and The Cursed Kingdom,11
Welcome to the Game II,11
Battlefield 1,11
Age of Empires III: The Asian Dynasties,11
Guitar Hero III: Legends of Rock,11
Dusk,11
Human: Fall Flat,11
Beholder 2,10
Thief Simulator,10
Puyo Puyo Tetris,10
Flyff - Fly For Fun,10
GoldenEye 007,10
Graveyard Keeper,10
Trials Fusion,10
Battlefleet Gothic: Armada II,10
Cuphead,10
The Legend of Heroes: Trails of Cold Steel III,10
Super Mario Bros. 3,10
Prey,10
FIFA Online 4,10
Extra Life,10
Tera,10
I Wanna Be The Guy,10
Star Wars: The Old Republic,10
Thronebreaker: The Witcher Tales,10
Judgement,10
Shin Megami Tensei: Persona 3 FES,9
Super Smash Bros. for Wii U,9
PokÁEE©mon Trading Card Game Online,9
Final Fantasy IX,9
Aion,9
Resident Evil 7 biohazard,9
Half-Life 2,9
CABAL Online,9
The Evil Within 2,9
Beauty & Body Art,9
Banjo-Tooie,9
Geometry Dash,9
Yakuza 0,9
Final Fantasy: Brave Exvius,9
Grand Theft Auto: Vice City,9
Dying Light,9
Final Fantasy XV,9
Assetto Corsa Competizione,9
King's Raid,9
Resident Evil 6,9
Resident Evil 2,8
Final Fantasy IV,8
Fallout: New Vegas,8
WWE 2K19,8
Titanfall 2,8
Dragon Quest XI,8
L.A. Noire,8
Final Fantasy VIII,8
Dead Space 2,8
Mario Kart Wii,8
The Jackbox Party Pack 4,8
Devil May Cry 5,8
Sid Meier's Civilization VI: Rise & Fall,8
Half-Life,8
DCS World,8
Final Fantasy,8
Live,8
Dungeon Fighter Online,8
Super Senso,8
Metal Gear Solid V: The Phantom Pain,8
Granblue Fantasy,8
Angvik,8
Cyphers Online,8
Warhammer Online: Age of Reckoning,8
Frostpunk,8
Resident Evil: Revelations,8
Twitch Sings,8
surviv.io,8
Shadow Warrior 2,8
The Lord of the Rings Online,8
Mega Man 11,7
Destiny Child,7
Call of Duty: Black Ops III,7
Black Squad,7
Gran Turismo Sport,7
Astroneer,7
The Legend of Zelda: The Wind Waker HD,7
skribbl.io,7
War of Rights,7
Rise of the Tomb Raider,7
One Piece Treasure Cruise,7
Spyro the Dragon,7
Pathfinder: Kingmaker,7
Contra,7
GuJian,7
Doki Doki Literature Club,7
Hearts of Iron IV,7
DC Universe Online,7
Metroid Prime,7
Business Tour,7
Uncharted 4: A Thief's End,7
Crossout,7
Middle-earth: Shadow of War,7
Dead Space,7
Planet Coaster,7
The Banner Saga 2,6
Gundam Online Wars,6
Onrush,6
Call of Duty: WWII,6
Golf With Your Friends,6
Devil May Cry 4: Special Edition,6
Metal Gear Solid 2: Sons of Liberty,6
Rocksmith 2014,6
Albion Online,6
Grand Theft Auto IV,6
Virtual Reality,6
Overkill's The Walking Dead,6
Halo 2,6
Sonic Mania,6
Mario Kart 64,6
Delivery from the Pain,6
Battle Princess Madelyn,6
WWE SuperCard,6
Fallout 3,6
Persona 4 Golden,6
Romance of the Three Kingdoms XIII,6
Project CARS 2,6
Final Fantasy X,6
St Jude PLAY LIVE,6
Dark Cloud 2,6
Resident Evil,6
Night in the Woods,6
Little Nightmares,6
The Simpsons: Hit & Run,6
Crash Bandicoot,6
Football,6
Dark Souls II,6
Total Extreme Wrestling 2016,6
Ashes of Creation,6
Amnesia: The Dark Descent,6
Keep Talking and Nobody Explodes,6
Uncharted Waters Online,6
THE iDOLM@STER MILLION LIVE! THEATER DAYS,6
Paint it Back,6
Langrisser Mobile,6
Resident Evil 3: Nemesis,6
Kingdom Hearts,6
Kingdom Come: Deliverance,6
Dissidia: Final Fantasy Opera Omnia,6
Catherine,6
Return of the Obra Dinn,6
The Last Remnant,5
Silent Hill 4: The Room,5
Banjo-Kazooie,5
Scrabble,5
Star Wars: Knights of the Old Republic II - The Sith Lords,5
The Witcher,5
EarthBound,5
Octopath Traveler,5
Etherlords II,5
Darwin Project,5
Guilty Gear Xrd REV 2,5
Miscreated,5
SpongeBob SquarePants: Battle for Bikini Bottom,5
Call of Duty: Black Ops,5
Life Is Strange,5
BBO2 Online,5
Final Fantasy III,5
Warcraft III: Reign of Chaos,5
Mega Man,5
Rock Band 4,5
Super Mario Party,5
Worlds Adrift,5
Starbound,5
Final Fantasy XIII,5
PokÁEE©mon Platinum,5
Naruto to Boruto: Shinobi Striker,5
Iris.Fall,5
Deus Ex,5
Tsioque,5
Plants vs. Zombies: Garden Warfare 2,5
Tabletop Simulator,5
Point Blank,5
Call of Cthulhu - The Video Game,5
PokÁEE©mon FireRed/LeafGreen,5
World War 3,5
Outlast 2,5
Northgard,5
Final Fantasy V,5
Squad,5
World of Tanks Console,5
Realm of the Mad God,5
Free Fire: Battlegrounds,5
S.T.A.L.K.E.R.: Call of Pripyat,5
Child of Light,5
Tetris,5
The Sims 3,5
The King of Fighters XIV,5
Shadow Tactics: Blades of the Shogun,5
TV and Cinema 101: Trivia from Talkies to Trekkies,5
PokÁEE©mon Omega Ruby/Alpha Sapphire,5
Hotline Miami,5
Rising Storm 2: Vietnam,5
Final Fantasy VI,5
God Eater 3,5
DiRT Rally,4
PokÁEE©mon Black/White,4
Mega Man X,4
Breath of Fire III,4
Dark Age of Camelot,4
The Messenger,4
Darksiders II,4
For the King,4
Entropia Universe,4
Mobile Legends: Bang bang,4
Tricky Towers,4
House Flipper,4
The Banner Saga 3,4
The Endless Journey,4
PokÁEE©mon Emerald,4
Super Mario RPG: Legend of the Seven Stars,4
Arizona Sunshine,4
Hellblade,4
Shinobi III : Return of the Ninja Master,4
The Council,4
The iDOLM@STER Cinderella Girls: Starlight Stage,4
Pocket Mortys,4
Marvel Future Fight,4
DragonBall Z: Dokkan Battle,4
Spiral Knights,4
Star Wars: Galaxy of Heroes,4
The Room Three,4
OpenRCT2,4
God of War Collection,4
Armored Warfare,4
Mini Ghost,4
Life Is Strange: Before the Storm,4
Shell Shockers,4
Alliance of Valiant Arms,4
Stormworks: Build and Rescue,4
Grand Theft Auto: San Andreas,4
Tomb Raider (1996),4
Warface,4
Tourist Bus Simulator,4
Vindictus,4
Harry Potter and the Philosopher's Stone,4
SCP: Secret Laboratory,4
GeoGuessr,4
Final Fantasy IV: The Complete Collection,4
Million Arthur Arcana Blood,4
PC Building Simulator,4
Farming Simulator 17,4
RaceRoom Racing Experience,4
Sally Face,4
Total War: Rome II,4
Nuclear Throne,4
Robin Hood: The Legend of Sherwood,4
Gothic II: Night of the Raven,4
Lobotomy Corporation | Monster Management Simulation,4
Company of Heroes: Tales of Valor,4
Shin Megami Tensei: Digital Devil Saga 2,4
Battlefield 4,4
Paper Mario: The Thousand-Year Door,4
ESPN NFL Football,4
Danganronpa V3: Killing Harmony,4
Fatal Frame,4
F.E.A.R. 2: Project Origin,4
Tooth and Tail,4
SpyParty,4
Gnomes Garden 2,4
AO Tennis,4
Until Dawn,4
Far Cry,4
Castlevania: Harmony of Dissonance,4
Fiesta Online,4
Mount & Blade: Warband,4
Phoenix Wright: Ace Attorney EEEEEEEEEE Spirit of Justice,4
Halo 5: Guardians,4
Pikmin,4
Don't Forget Our Esports Dream,4
VA-11 HALL-A,4
Fear the Night,4
World of Tanks Blitz,4
Ni no Kuni II: Revenant Kingdom,3
Resident Evil HD Remaster,3
Mario Golf: Toadstool Tour,3
Red Faction,3
Visage,3
Robot Alchemic Drive,3
Divinity: Original Sin II,3
Dragon Quest Builders,3
Simulacra,3
Firewatch,3
Beyond: Two Souls,3
Agar.io,3
Exanima,3
Soccer,3
The Evil Within,3
Divinity: Original Sin,3
Baseball,3
Foxhole,3
Sansar,3
Grand Theft Auto III,3
Deltarune,3
Donkey Kong 64,3
BlazBlue Cross Tag Battle,3
HITMAN,3
Board Games Live,3
The Banner Saga,3
Grand Theft Auto: iFruit,3
Penn And Teller's Smoke And Mirrors,3
Yoku's Island Express,3
Worms Armageddon,3
Silkroad Online,3
Nioh,3
Domina,3
Monolith,3
Crypt of the NecroDancer,3
Sonic Adventure 2: Battle,3
Super Smash Bros.,3
The Great Merchant,3
Book of Demons,3
Protocol,3
The Legend of Heroes: Trails of Cold Steel II,3
Saints Row 2,3
Monopoly,3
Monster Hunter 4 Ultimate,3
Pump It Up Prime 2,3
Dream Daddy: A Dad Dating Simulator,3
Dragon Warrior I & II,3
Contract J.A.C.K.,3
Board Games,3
Freshly-Picked: Tingle's Rosy Rupeeland,3
Karnage Chronicles,3
Unreal Engine,3
Zelda II: The Adventure of Link,3
South Park: The Fractured But Whole,3
Ride 3,3
Gold Rush: The Game,3
FÁEEºtbol,3
Town of Salem,3
TimeSplitters 2,3
Song Master,3
Super Mario Sunshine,3
Sophie's Curse,3
Super Seducer 2,3
Kingdom: New Lands,3
Donkey Kong Country 2: Diddy's Kong Quest,3
Jurassic World Evolution,3
Ninja Gaiden,3
Age of Mythology,3
Under Night In-Birth Exe:Late[st],3
Kamen Rider,3
Tom Clancy's Rainbow 6: Patriots,3
Getting Over It,3
Dragon Age: Inquisition,3
Basic Programming,3
Edna & Harvey: The Breakout,3
Portal,3
Fire Emblem Mobile,3
PokÁEE©mon Crystal,3
Danganronpa Another Episode: Ultra Despair Girls,3
Diablo,3
Rusty Lake: Roots,3
Shin Megami Tensei: Nocturne,3
A Hat in Time,3
NCAA Football 14,3
Legaia 2: Duel Saga,3
Granny,3
Mega Man 2,3
Parasite Eve II,3
Anime Land,3
Blackjack,3
Aliens: Colonial Marines,3
Golfing Over It with Alva Majo,3
Kingdom Hearts 358/2 Days,3
Perfect World,3
Mass Effect: Andromeda,3
SD Gundam Capsule Fighter Online,3
Wreckfest,3
"Good Pizza, Great Pizza",2
Mafia.gg,2
Rapture Rejects,2
BioShock,2
Slime Rancher,2
Edge of Eternity,2
Captain Toad: Treasure Tracker,2
Super Mario World 2: Yoshi's Island,2
Hatsune Miku: Project Diva Future Tone,2
Kirby & The Amazing Mirror,2
Naruto Shippuden: Ultimate Ninja Storm 3 Full Burst,2
Battletoads,2
Black Desert Mobile,2
Elsword,2
Tetris Effect,2
Ludum Dare,2
Princess Maker 2,2
The Escapists 2,2
AstÁEE©rix & ObÁEE©lix XXL 2: Mission: Las Vegum,2
Mobile Suit Gundam: Battle Operation 2,2
Musynx,2
Let It Die,2
Dragon Quest Builders 2,2
Wizard of Legend,2
Farm Together,2
Final Fantasy II,2
Mega Man 7,2
"Papers, Please",2
Crusader Kings II,2
Super Mario Bros. 2,2
Dead Space 3,2
Castlevania: Portrait of Ruin,2
Light Bearers,2
Monopoly Plus,2
Half-Life: Counter-Strike,2
We Need to Go Deeper,2
Hyrule Warriors,2
The Elder Scrolls III: Morrowind,2
Bump 'N' Jump,2
Monstrum,2
Need for Speed: Most Wanted (2005),2
Treasure Hunter Simulator,2
THE iDOLM@STER,2
ArcheAge,2
Mahjong,2
Spelunky,2
The Guild 2: Renaissance,2
Overlight,2
Fire Emblem Fates,2
Brave Frontier,2
Pummel Party,2
Just Dance Now,2
Raft,2
San Francisco Rush: Extreme Racing,2
Super Mario Galaxy 2,2
Don't Knock Twice,2
Uno,2
Leisure Suit Larry: Wet Dreams Don't Dry,2
FIFA 18,2
JoJo's Bizarre Adventure,2
Five Nights at Freddy's,2
Capcom vs. SNK 2: Mark of the Millennium,2
The Settlers: History Collection,2
Mike Tyson's Punch-Out!!,2
Story of the Survivor,2
My Time at Portia,2
Monopoly One,2
NBA 2K18,2
PokÁEE©mon Ruby/Sapphire,2
Steel Rats,2
Stalker Online,2
Silent Hill 2,2
Darkwood,2
Plants vs. Zombies,2
The King of Fighters 2002: Challenge to Ultimate Battle,2
Shakes and Fidget,2
Watch Dogs,2
Killing Floor 2,2
Resident Evil: Director's Cut,2
Life Is Strange 2,2
Cricket,2
PULSAR: Lost Colony,2
Boxing,2
The Crew 2,2
Marvel Powers United VR,2
EA Sports UFC,2
Danganronpa 2: Goodbye Despair,2
Overcooked!,2
Halo: Reach,2
Go,2
Ballz 3D: Fighting at its Ballziest,2
Shin Megami Tensei IV Final,2
Pinball,2
F.E.A.R.: First Encounter Assault Recon,2
White Day: A Labyrinth Named School,2
Evasion,2
Tomb Raider II,2
The Golf Club 2019 Featuring PGA Tour,2
Wonder Boy III: The Dragon's Trap,2
Tomb Raider: The Last Revelation,2
BlazBlue Continuum Shift Extend,2
Half-Life 2: Episode One,2
Tree of Savior,2
Plague Inc.,2
CLOP,2
I Wanna Be The Boshy,2
Fighting EX Layer,2
Spec Ops: The Line,2
Grand Theft Auto,2
The Bureau: XCOM Declassified,2
Call of Duty 2,2
Assassin's Creed II,2
Boundless,2
TrackManiaÁEE² Stadium,2
The Goonies II,2
Do Not Feed the Monkeys,2
Kingdom Hearts HD 1.5 + 2.5 Remix,2
Ancestors Legacy,2
ArmA II: Operation Arrowhead,2
Hello Neighbor: Hide and Seek,2
Runner3,2
The Legend of Zelda: Majora's Mask 3D,2
Rocket: Robot on Wheels,2
Ultima Underworld: The Stygian Abyss,2
Sega Rally 2,2
Zumba Fitness,2
Dragon's Dogma Online,2
Battle Chasers: Nightwar,2
Tropico 6,2
Chrono Trigger,2
Halo: Combat Evolved,2
Soul Worker,2
Wonder Boy: The Dragon's Trap,2
Quiplash,2
Immortal Redneck,2
DreadOut,2
Secret Hitler,2
Final Fantasy IV: The After Years,2
Just Dance 2018,2
APB Reloaded,2
The Witcher 2: Assassins of Kings,2
Wizard101,2
BlazBlue: Central Fiction,2
Atelier Firis: The Alchemist of the Mysterious Journey,2
Kingdom Hearts HD II.8: Final Chapter Prologue,2
God Hand,2
Battlefield 3,2
Jikkyou Powerful Pro Yakyuu 2018,2
Project Zomboid,2
Payday 2,2
Gunsmith,2
Hellion,2
Hello Neighbor,2
Tomb Raider III: Adventures of Lara Croft,2
Food ,2
Bully: Scholarship Edition,2
Stationeers,2
Shroud of the Avatar: Forsaken Virtues,2
Treasure Adventure World,2
Portal 2,2
Hand Simulator,2
PlayStation All-Stars Battle Royale,2
Shantae and the Pirate's Curse,2
zombsroyale.io,2
Golden Sun,2
Sonic Adventure 2,2
Donkey Kong Country 3: Dixie Kong's Double Trouble!,2
PokÁEE©mon Black/White Version 2,2
Nexus: The Kingdom of the Winds,2
Tropico 5,2
Metal Gear Solid,2
theHunter: Call of the Wild,2
Ultimate Chicken Horse,2
Yakuza Kiwami 2,2
Valnir Rok,2
The Jackbox Party Pack 2,2
Demon's Crest,2
Assetto Corsa,2
LEGO Harry Potter: Years 1-4,2
Final Fantasy Tactics,2
Disney's Aladdin,2
Castlevania: The Adventure,2
Resident Evil Zero,2
Welcome to the Game,2
PokÁEE©mon Super Mystery Dungeon,2
Gamer Career Tycoon,2
Fatal Frame III: The Tormented,2
Tower Hunter: Erza's Trial,2
Wolfenstein II: The New Colossus,2
MAG,2
Sinner: Sacrifice for Redemption,2
TerraTech,2
Metro 2033,2
Mountain,2
Samorost 3,2
Call of Cthulhu: Dark Corners of the Earth,2
Cry Of Fear,2
Power Rangers: Dino Thunder,1
Slap City,1
Crazy Arcade,1
Marvel vs. Capcom 2: New Age of Heroes,1
Virtual Hydlide,1
Evoland 2: A Slight Case of Spacetime Continuum Disorder,1
HellSign,1
Kentucky Route Zero,1
Batman,1
Tetris Attack,1
Marvel vs. Capcom Infinite,1
Animal Crossing: City Folk,1
"Cook, Serve, Delicious! 2!!",1
Super Smash Bros. Brawl,1
Dungreed,1
Lamplight City,1
Ultra Street Fighter IV,1
The Witch's House,1
Trine 2,1
Pixel Painter Story,1
Tom Clancy's Rainbow Six: Vegas,1
Alice: Madness Returns,1
Quake Live,1
Mario Tennis Aces,1
Breath of Fire II,1
Super Mario All-Stars,1
Axiom Verge,1
Borderlands: The Pre-Sequel!,1
The Guest,1
Cattails,1
Drone Racing League Simulator,1
Breath of Fire,1
Injustice 2,1
Bubsy in: Claws Encounters of the Furred Kind,1
Uncharted: The Nathan Drake Collection,1
Capcom Beat 'Em Up Bundle,1
Adventure Quest 3D,1
CrossCode,1
Hannah Montana: The Movie,1
We Love Katamari,1
"Dude, Stop",1
Titan Souls,1
Edna & Harvey: Harvey's New Eyes,1
60 Parsecs!,1
Silent Hill: Homecoming,1
Tekken Tag Tournament 2,1
FIFA Mobile,1
F1 2017,1
Chicken,1
Final Fantasy XII,1
FAR: Lone Sails,1
Life Goes On,1
Sonic 3D Blast,1
Alan Wake,1
Nier,1
Hades (1995),1
Silent Hill 3,1
Broken Reality,1
NASCAR Heat 3,1
Surviving Mars,1
Unavowed,1
Persona 5: Dancing in Starlight,1
Home Sweet Home,1
Golf It!,1
The Sims 2,1
P.A.S.,1
Sylvio,1
Vampire: The Masquerade - Bloodlines,1
Pathfinder,1
The Isle,1
Escape First,1
Super Meat Boy,1
Utawarerumono: Chiriyuku Mono e no Komoriuta,1
Teenage Mutant Ninja Turtles: Tournament Fighters,1
AbzÁEE»,1
The Sun and Moon,1
PokÁEE©mon Red/Blue,1
Harvester,1
The Legend of Zelda: Twilight Princess,1
Moonlighter,1
Wario Land 4,1
The King of Fighters XIII,1
Unravel,1
Sleeping Dogs,1
Cool Boarders 2,1
The Binding of Isaac: Rebirth,1
Thea 2: The Shattering,1
Tower Unite,1
Robocraft,1
#Compass,1
Crash Bash,1
Sly Cooper and the Thievius Raccoonus,1
Scratches,1
Fire Emblem,1
Dead or Alive 5 Last Round,1
Sonic Generations,1
Zettai Zetsumei Toshi 4: Summer Memories,1
Super Mario Galaxy,1
Dead or Alive Xtreme: Venus Vacation,1
The Binding of Isaac,1
Blood,1
Wolfenstein: The New Order,1
Fallout 2,1
Nekopara Vol.1,1
Phantasmal,1
Hellgate: London,1
Call of Duty: World at War,1
Command & Conquer: Red Alert 3,1
DiRT 3,1
Ib,1
Flash,1
Madness,1
Roll20 Virtual Tabletop,1
Circus Charlie,1
Dragon Age II,1
Skyhill,1
Soccer Spirits,1
Persona 3: Dancing in Moonlight,1
Dark and Light,1
Mortal Kombat Mythologies: Sub-Zero,1
Super Animal Royale,1
Star Trek Online,1
Project Warlock,1
Bloodstained: Curse of the Moon,1
Semblance,1
Super Mario Land,1
Synergy,1
Werewolves EEEEEEEEEE¼EEEEEººEEEEE®º,1
Just Dance,1
Machinarium,1
Armello,1
PokÁEE©mon Mystery Dungeon: Blue/Red Rescue Team,1
Umineko When They Cry: Answer Arcs,1
A Way Out,1
Katawa Shoujo,1
BioShock Infinite,1
Music For Everyone,1
Samurai Shodown V Special,1
Prince of Persia: Warrior Within,1
Steam,1
The Culling,1
Treasure Hunter,1
God's Basement,1
Everspace,1
Prince of Persia: The Sands of Time,1
Death Coming,1
Zero: Nuregarasu no Miko,1
Zettai Zetsumei Toshi 4 Plus: Summer Memories,1
Simmiland,1
The Legend of Zelda: Four Swords Adventures,1
The Shapeshifting Detective,1
System Shock 2,1
Kirby: Planet Robobot,1
"Guns, Gore and Cannoli 2",1
The Last of Us Part II,1
The Surge,1
Freestyle Street Basketball 2,1
Half-Life 2: Episode Two,1
Onward,1
S4 League,1
Ghost of a Tale,1
Creativerse,1
Vampyr,1
We Were Here Too,1
Dungeons 3,1
Yakuza Kiwami,1
"Gremlins, Inc.",1
Villagers and Heroes,1
Bully,1
Dead Island Riptide,1
F1 2018,1
Darwin's Test,1
The Legend of Zelda: Phantom Hourglass,1
The Oregon Trail,1
King's Field,1
Creed: Rise to Glory,1
Emily Wants to Play Too,1
Resident Evil: Code: Veronica X,1
X3: Albion Prelude,1
Mario + Rabbids Kingdom Battle,1
Silent Descent,1
Dragon Quest IV: Chapters of the Chosen,1
Ratchet & Clank,1
Rad Rodgers,1
Trauma Center: New Blood,1
Castlevania: Symphony of the Night,1
Wo Yao Da,1
Spintires: MudRunner,1
Deponia,1
The Legend of Zelda: Spirit Tracks,1
Nightmares from the Deep 3: Davy Jones,1
Alone in the Dark: The New Nightmare,1
Cypher,1
Doom 64,1
Final Fantasy XII: The Zodiac Age,1
Observer,1
Stick Fight: The Game,1
Ori and the Blind Forest,1
Digimon Story: Cyber Sleuth Hacker's Memory,1
Dragon Age: Origins,1
Tom Clancy's Splinter Cell,1
Drakengard 3,1
Valdis Story: Abyssal City,1
Utawarerumono,1
Kirby: Star Allies,1
Stranger of Sword City,1
Endless Space 2,1
Crash Team Racing,1
Mass Effect 2,1
Total War: WARHAMMER,1
Rules of Survival,1
Forza Motorsport 7,1
Human Resource Machine,1
Space Engineers,1
Fire Emblem: Thracia 776,1
60 Seconds!,1
Metroid Fusion,1
Lost In Vivo,1
Death to Spies,1
Detention,1
A Christmas Carol,1
Zero-4 Champ,1
Crash Bandicoot 2: Cortex Strikes Back,1
Spellbreak,1
Mad Max,1
Aim Hero,1
The Legend of Dragoon,1
Holdfast: Nations At War,1
Adam Wolfe,1
Kynseed,1
Magicka,1
The Quiet Man,1
Batman: Arkham Asylum,1
Kingdoms of Amalur: Reckoning,1
The Red Strings Club,1
Rogue Legacy,1
LoupsGarous.fr,1
Tabletop RPGs,1
Kindergarten,1
Lost Castle,1
Marvel Strike Force,1
Devil May Cry 3: Special Edition,1
X-Plane 11,1
HQ Trivia,1
Bomberman 64,1
Automation,1
Romancing SaGa,1
Flashback,1
Drawful 2,1
Witch It,1
Pro Pilkki 2,1
NBA G League,1
Kingdom Hearts: Chain of Memories,1
Far Cry 2,1
Zero Time Dilemma,1
Counter-Strike Online,1
Rage in Peace,1
SpeedRunners,1
OneShot,1
windowframe,1
Apparition,1
Blood and Bacon,1
Tales Runner,1
while True: learn(),1
Disciples II: Rise of the Elves,1
Rakuen,1
Inside,1
Devil May Cry HD Collection,1
Zula,1
Retro City Rampage,1
Bloons TD 6,1
Parasite Eve,1
XCOM 2,1
Kingdom Hearts II,1
Legacy of Kain: Soul Reaver 2,1
Super Paper Mario,1
Minesweeper,1
Donut County,1
Lara Croft and the Temple of Osiris,1
Command & Conquer: Yuri's Revenge,1
Dungeon Defenders II,1
The Technician,1
Marble Madness,1
My Memory of Us,1
Shadow of the Colossus,1
Reign Of Kings,1
Cube Escape: Paradox,1
Metal Gear,1
Paper Mario,1
Armikrog,1
Goat Simulator,1
"Warhammer 40,000: Dawn of War II",1
Pinturillo 2,1
Mass Effect 3,1
Red Dead Redemption,1
Blade & Sorcery,1
South Park: Phone Destroyer,1
Resident Evil: Outbreak - File #2,1
Wandersong,1
Siren,1
Deponia: The Complete Journey,1
Generations Lost,1
Dead Rising 2,1
Atelier Rorona: Alchemist of Arland,1
Jade Cocoon: Story of the Tamamayu,1
Mabinogi,1
Crusaders Quest,1
Deus Ex: Mankind Divided,1
Dustforce,1
Special Force,1
Tony Hawk's Pro Skater 2,1
Omerta: City of Gangsters,1
Savant,1
CityBattle: Virtual Earth,1
Super Seducer,1
Minit,1
Max Payne 2: The Fall of Max Payne,1
Madagascar,1
Bloons TD Battles,1
Stonehearth,1
Total War: Shogun 2,1
ICEY,1
The Count Lucanor,1
The Jackbox Party Pack,1
Starsector,1
Furi,1
ReCore,1
Layers of Fear,1
Seal Online,1
Far Cry 4,1
State of Decay 2,1
Lara Croft Tomb Raider: Legend,1
Modern Warfare 2,1
Command & Conquer: Rivals,1
Worms Revolution,1
Just Cause 3,1
The Legend of Zelda: The Wind Waker,1
SteamWorld Dig 2,1
Super Mario 3D World,1
Pac-Man 256,1
Banjo-Kazooie: Nuts & Bolts,1
Ultimate Marvel vs. Capcom 3,1
Hotline Miami 2: Wrong Number,1
The Last of Us: Left Behind,1
Guilty Gear XX Accent Core Plus R,1
Identity,1
DanMachi: Memoria Freese,1
Heretic,1
